first,last,age,country,phone,email
Amandi,Cozens,62,Indonesia,718-657-4263,acozens0@gov.uk
Belvia,Halleday,32,Western Sahara,211-635-6393,bhalleday1@google.fr
Tootsie,Blowes,46,Russia,702-502-6094,tblowes2@joomla.org
Konstanze,Gori,38,Ecuador,130-679-7718,kgori3@theglobeandmail.com
Bendick,Richichi,61,Japan,408-930-4662,brichichi4@youtube.com
Stella,Bartusek,55,China,553-876-8004,sbartusek5@accuweather.com
Clarence,Belcher,43,France,324-311-9526,cbelcher6@deliciousdays.com
Liam,Blaik,15,Cape Verde,257-805-6748,lblaik7@networksolutions.com
Llywellyn,Alflat,15,France,666-176-7426,lalflat8@purevolume.com
Gael,Sired,23,North Korea,771-125-9669,gsired9@miitbeian.gov.cn
Bea,Francombe,40,Mexico,961-103-8432,bfrancombea@tiny.cc
Niven,Shires,29,Poland,561-720-2640,nshiresb@nasa.gov
Marshall,Graveney,62,Portugal,629-458-9305,mgraveneyc@washington.edu
Ciro,Bowdidge,25,Philippines,686-479-1517,cbowdidged@furl.net
Dav,Brewers,52,China,886-105-3734,dbrewerse@unblog.fr
Charmaine,Breem,45,Portugal,505-557-1264,cbreemf@posterous.com
Eleonora,Cator,43,Japan,915-517-7605,ecatorg@archive.org
Myrwyn,Burrage,39,France,992-294-8342,mburrageh@army.mil
Edgard,Breton,37,Russia,623-806-8693,ebretoni@netvibes.com
Alexine,Benadette,61,Czech Republic,426-788-3996,abenadettej@yale.edu
